Item_Title,Formatted_Title,BULLET1 ,Make,Model,Material,Year,Processed_ebay1_Title,Processed_ebay0_Title,Processed_magento_Title,Processed_amazon_Title,Processed_Description
Running Boards for Nissan Navara NP300,Running Boards for Nissan Navara D23/NP300,1.0,Seat,Tarraco,Aluminum,,Running Boards For Seat Tarraco 2018+ Aluminum Side Low 4x4 Car Accessories,Running Boards for Nissan Navara NP300,Running Boards For Seat Tarraco 2018+ Aluminum Side Low 4x4 Car Accessories Accessory Styling,Running Boards for Nissan Navara NP300,"<p>High-quality <strong>{main_item}</strong> for<strong> {make} {model} {year} models</strong>. These are high-quality items that are supplied by the main dealers, but at a much higher cost than you find here.</p>
{extras}
<p><strong>Product Features:</strong></p>
<ul>
<li>Made from highest quality materials</li>
<li>Easy fitting</li>
<li>Fitting kit and fitting instructions are included</li>
<li>No drilling required</li>
<li>Bolt on installation</li>
<li>Sale is for {main_item}</li>
<li>Fits {make} {model} {year} models</li>
<li>1-Year Warranty</li>
<li>For technical support please contact us via eBay messages</li>
</ul>
<p>These, as with all our products, are made from the highest quality materials. Our products present a quality solution for your vehicle at a reasonable price.</p>
<p>Items are boxed, new and come complete with all the nuts, bolts and fixings necessary for fitting, no drilling is needed.</p>
<p><strong>VAT Invoice, Fitting Instructions and Tracking info will be sent as an email attachment after purchase - please check spam folder if not received.</strong></p>
<p>Trade enquiries welcome.</p>
<p style=""font-size: 9px !important;""><em>* The product listed is not manufactured by the Original Equipment Manufacturer (&ldquo;OEM&rdquo;), unless specifically stated and where reference is made to the brand names of the OEMs, the references are for specification reference only and are not an endorsement by the OEM referred to. All warranties under consumer laws within the European Community Consumer Laws against defects are provided by the Seller.</em></p>"
Roll Bar For Nissan Navara NP300,Roll Bar For Nissan Navara D23/NP300,,Skoda,Kodiaq,Stainless Steel,,Roll Bar For Nissan Navara NP300,Roll Bar To Fit Seat Tarraco 2018+ Stainless Steel 4x4 Car Accessories Accessory,Roll Bar For Nissan Navara NP300,Bragan Roll Bar Compatible With Seat Tarraco 2018+ Stainless Steel 4x4 Car Accessories Accessory Styling - XSKU,"<p>High-quality <strong>{main_item}</strong> for<strong> {make} {model} {year} models</strong>. These are high-quality items that are supplied by the main dealers, but at a much higher cost than you find here.</p>
{extras}
<p><strong>Product Features:</strong></p>
<ul>
<li>Made from highest quality materials</li>
<li>Easy fitting</li>
<li>Fitting kit and fitting instructions are included</li>
<li>No drilling required</li>
<li>Bolt on installation</li>
<li>Sale is for {main_item}</li>
<li>Fits {make} {model} {year} models</li>
<li>1-Year Warranty</li>
<li>For technical support please contact us via eBay messages</li>
</ul>
<p>These, as with all our products, are made from the highest quality materials. Our products present a quality solution for your vehicle at a reasonable price.</p>
<p>Items are boxed, new and come complete with all the nuts, bolts and fixings necessary for fitting, no drilling is needed.</p>
<p><strong>VAT Invoice, Fitting Instructions and Tracking info will be sent as an email attachment after purchase - please check spam folder if not received.</strong></p>
<p>Trade enquiries welcome.</p>
<p style=""font-size: 9px !important;""><em>* The product listed is not manufactured by the Original Equipment Manufacturer (&ldquo;OEM&rdquo;), unless specifically stated and where reference is made to the brand names of the OEMs, the references are for specification reference only and are not an endorsement by the OEM referred to. All warranties under consumer laws within the European Community Consumer Laws against defects are provided by the Seller.</em></p>"
Roll bar + Jumbo Spots + LED For Nissan Navara NP300,Roll bar + Jumbo Spots + LED For Nissan Navara D23/NP300,,VW,Tiguan,Stainless Steel,,Roll bar +Jumbo Spots +LED For Seat Tarraco 2018+ Stainless Steel 4x4 Car,Roll bar + Jumbo Spots + LED For Nissan Navara NP300,Roll bar +Jumbo Spots +LED For Seat Tarraco 2018+ Stainless Steel 4x4 Car Accessories Accessory Styling,Bragan Roll bar +Jumbo Spots +LED Compatible With Seat Tarraco 2018+ Stainless Steel 4x4 Car Accessories Accessory Styling - XSKU,"<p>High-quality <strong>{main_item}</strong> for<strong> {make} {model} {year} models</strong>. These are high-quality items that are supplied by the main dealers, but at a much higher cost than you find here.</p>
{extras}
<p><strong>Product Features:</strong></p>
<ul>
<li>Made from highest quality materials</li>
<li>Easy fitting</li>
<li>Fitting kit and fitting instructions are included</li>
<li>No drilling required</li>
<li>Bolt on installation</li>
<li>Sale is for {main_item}</li>
<li>Fits {make} {model} {year} models</li>
<li>1-Year Warranty</li>
<li>For technical support please contact us via eBay messages</li>
</ul>
<p>These, as with all our products, are made from the highest quality materials. Our products present a quality solution for your vehicle at a reasonable price.</p>
<p>Items are boxed, new and come complete with all the nuts, bolts and fixings necessary for fitting, no drilling is needed.</p>
<p><strong>VAT Invoice, Fitting Instructions and Tracking info will be sent as an email attachment after purchase - please check spam folder if not received.</strong></p>
<p>Trade enquiries welcome.</p>
<p style=""font-size: 9px !important;""><em>* The product listed is not manufactured by the Original Equipment Manufacturer (&ldquo;OEM&rdquo;), unless specifically stated and where reference is made to the brand names of the OEMs, the references are for specification reference only and are not an endorsement by the OEM referred to. All warranties under consumer laws within the European Community Consumer Laws against defects are provided by the Seller.</em></p>"
